{"scaler_instance.data_max_": [1447.655001101437, 1386.975629026155, 1413.7124025759297, 1379.6207192907132, 1401.1499285795937, 1445.9478954894817, 1433.5983339062223, 1434.8437006504535, 1414.7199822832763, 1485.6127084905238, 1458.5519697121485, 1470.96714348363, 1488.875485022787, 1415.801838630678, 1457.5125092025105, 1464.470764814576, 1465.8118374880241, 1419.9903045225424, 1334.4493596182633, 1440.0934448386386, 992.7430733030915, 995.4573463021129, 988.7196160966638, 993.3520692471163, 998.6490338018848, 987.6391990639848, 999.2427678374968, 990.3044066938699, 997.1590955395499, 998.6223742209373, 990.6298699132604, 996.8683345801646, 996.2855151656765, 993.3116092675887, 996.858814535992, 997.4610131963124, 995.200474114049, 989.4869526396566, 991.0799033980992, 998.4951966512785, 946.9657951053422, 857.799606075903, 938.4555856173142, 824.8476787502624, 875.2050330416354, 933.0598526114371, 888.10179441873, 970.3036861407531, 909.0129500949562, 922.0506913909775, 883.8153513306232, 919.9577367117508, 911.6941205857765, 927.1245079236135, 919.2929298224268, 947.8292657023404, 988.3447845344972, 942.5818505945007, 988.9989256829101, 929.9545280331303, 977.7417789445382, 939.9382593431588, 766.322179684469, 872.7038492124987, 811.4695415677694, 973.7907073765638, 765.501412499919, 893.2861946551978, 848.0235950442902, 934.0730244547852, 925.3230790957808, 898.3162804935794, 944.0069136098238, 786.0048411981709, 887.5339544695005, 696.6349936319077, 816.6324965541592, 799.0618835113952, 810.2346822658653, 812.5023562979494, 10175.183936, 982.0115433298773, 995.6835011928655, 999.7214040482403, 999.1079443187925, 997.6347739300016, 998.3435142018891, 997.7129520147428, 999.471353020986, 998.3929419798792, 995.0352619165936, 984.7953151126923, 983.6188222566634, 998.2022940242241, 998.6098793704728, 998.2851615857119, 971.7772990832432, 996.1696206621418, 999.4376597237705, 997.7148953686378, 996.774090803871, 4.0], "scaler_instance.data_min_": [1.8274990547088557, 7.093525029484902, 5.7174244995189865, 8.655679451635484, 10.07834951100277, 8.151204011628824, 11.748614483582582, 7.49083110884504, 1.1364489703314022, 4.656003366008391, 4.413095995557336, 26.345679263745343, 3.2425082443263302, 1.4934367362324128, 8.946457833290363, 2.43056100634946, 20.33853337934109, 2.7763033962107215, 1.4493243718979565, 8.523983982182546, 1.5317305231360776, 5.537871603148432, 5.034548395388436, 6.7845318326722825, 7.1019202836928494, 6.099533052916376, 9.172920735704073, 6.720623979758969, 1.0279914639368184, 3.8573737797436993, 3.591776928477022, 19.200736455326076, 2.2715721421884387, 1.0049099259728498, 8.056953266553371, 1.6340087294350227, 16.707455581528656, 1.9853049391905118, 1.0466454183472558, 5.960683876595985, 1.4101115118424092, 1.0906179568355565, 1.124399023927938, 1.4069417156828778, 1.2920406066328234, 1.959903623941727, 1.2962507752913282, 2.389550593791774, 1.386871194107962, 1.6720786965110797, 1.096518021218771, 1.510990643090444, 1.0458391180168605, 1.0900600728094516, 1.1520610912390217, 1.0137338490814922, 1.2211618994973537, 1.002455666919867, 1.761994808576609, 1.17725166976061, 0.6956683549507705, 0.7833306974761777, 0.06019762113442859, 2.2226404708196164, 3.111803318291326, 1.4596556779733865, 0.7243012803243942, 2.2237777624724773, 0.9396399543122425, 1.6561115761520573, 1.9567376356045743, 1.3628799462961119, 0.9082491285950071, 0.4172638073648944, 1.837059473313277, 0.8560542437688705, 1.5126737892389228, 0.9771228263467092, 0.09900159253877185, 3.063939523907435, 2724.741706, 18.600598297539765, 2.8889001631054696, 3.2321038536129363, 1.615350562287531, 11.673804127558817, 5.254563293777674, 5.8970908357223095, 2.3920168041869125, 7.671868961316192, 4.55762174919358, 2.750889470530833, 7.519906150810299, 4.749963349295932, 1.4644019826094414, 4.454195205510263, 1.2619396660730733, 4.900831821273137, 2.031586921598395, 3.897623016164565, 2.1691065165940495, 2.0], "scaler_uncern.data_max_": [1.3793, 1.4838, 1.4246, 1.2632, 1.4697, 1.8786, 1.3853, 1.4118, 1.5055, 1.4637, 2.0183, 1.49, 1.4192, 1.3062, 1.4763, 1.3085, 1.4522, 1.4293, 1.4313, 1.4398], "scaler_uncern.data_min_": [0.0, 0.0, 0.0001, 0.0, 0.0, 0.0, 0.0, 0.0, 0.0, 0.0001, 0.0, 0.0, 0.0, 0.0, 0.0, 0.0, 0.0, 0.0, 0.0, 0.0], "scaler_target.data_max_": [-4057.064693065963], "scaler_target.data_min_": [-13445.637975571994]}