edge no,susceptance,min capacity,max capacity,node 1,node 2
1,5.882352941,0,200,1,2
2,27.02702703,0,100,2,3
3,3.875968992,0,100,1,4
4,5.076142132,0,100,2,4
5,27.02702703,0,100,4,5
6,7.142857143,0,100,5,6
7,55.55555556,0,100,3,6
