{"scaler_instance.data_max_": [1432.9125552884457, 1465.4838445412577, 1363.3195013651039, 1465.0423007061352, 1442.6622335670831, 1435.1380457040964, 1414.9696958952318, 1447.3790371781688, 1423.6193639498165, 1464.3398783943167, 986.3615076973522, 992.8994939005729, 992.7430733030915, 995.4573463021129, 988.7196160966638, 993.3520692471163, 998.6490338018848, 987.6391990639848, 985.6406801880671, 993.907273321526, 858.1065372514604, 897.8878380296683, 924.6301763179146, 970.3378156916731, 857.9034073143163, 955.3999035494535, 917.8085799220978, 915.684459546787, 880.1475328518324, 924.280119324595, 976.9744524367203, 876.0296827062846, 920.8156660750369, 925.2728107015824, 739.2953197258272, 855.5827561936502, 952.3759423447091, 793.9168373588105, 836.956841783406, 989.9718604291777, 5865.803048, 982.0115433298773, 995.6835011928655, 999.7214040482403, 999.1079443187925, 997.6347739300016, 998.3435142018891, 997.7129520147428, 999.471353020986, 996.1696206621418, 999.4376597237705, 2.0], "scaler_instance.data_min_": [5.4032554794878545, 3.3472196732388575, 1.7245149427569517, 6.220064060876964, 6.770957946958966, 8.64670730218188, 9.419598401090362, 7.376145241101374, 1.409830654955758, 3.9467914977325433, 4.586727846655984, 2.4928544423076775, 1.5317305231360776, 5.537871603148432, 5.034548395388436, 6.7845318326722825, 7.1019202836928494, 6.099533052916376, 1.2325018788113429, 3.2165787932669994, 1.0975471695872259, 1.0392344235317166, 1.5487501835860562, 1.1974185077141113, 1.4522175510508377, 1.9685718609037934, 1.005757751061116, 1.1635964398835772, 2.2109191969622, 1.0001075249483709, 2.300689047611908, 0.3043528546979735, 0.7924396372596849, 0.08635249964495201, 1.5205316988947852, 3.4232536113088985, 2.3512517443809244, 2.2188290325343223, 0.4202861042560173, 1.7193171134487106, 970.694034, 18.600598297539765, 2.8889001631054696, 3.2321038536129363, 1.615350562287531, 11.673804127558817, 5.254563293777674, 5.8970908357223095, 2.3920168041869125, 4.900831821273137, 2.031586921598395, 1.0], "scaler_uncern.data_max_": [1.2363, 1.1561, 1.3955, 1.1874, 1.1322, 1.0897, 1.1829, 1.0998, 1.297, 1.079], "scaler_uncern.data_min_": [0.0, 0.0, 0.0, 0.0, 0.0, 0.0, 0.0, 0.0, 0.0, 0.0], "scaler_target.data_max_": [-1256.175830892047], "scaler_target.data_min_": [-6143.89252915955]}